status	dir	filename	size_bytes	source_url	resolved_url
OK	接種指引	疫苗接種禁忌及注意事項.pdf	200609	https://www.cdc.gov.tw/File/Get/6HX8tpLSrgLfbqervyCpXA	https://www.cdc.gov.tw/Uploads/files/3297969b-33f0-444d-9cf4-3214fbe6bab1.pdf
OK	接種指引	各項預防接種間隔時間一覽表.pdf	570104	https://www.cdc.gov.tw/File/Get/m_twwaBhrxBvOSp8t7l34g	https://www.cdc.gov.tw/Uploads/files/8adeca9f-e44f-40e1-93d5-231a57546e4b.pdf
OK	接種指引	各項常規疫苗最小接種年齡與最短接種間隔.pdf	120071	https://www.cdc.gov.tw/File/Get/MGf3GnfN7QVo5QK13LUvwg	https://www.cdc.gov.tw/Uploads/files/e471e128-5685-435c-a591-b07fb2d1c419.pdf
FAIL_NO_LINK	接種指引	國小新生入學後預防接種紀錄檢查與補種指引	0	https://www.cdc.gov.tw/File/Get/C21MgK68kNl1C4ORnYLhmQ	-
FAIL_NO_LINK	通函與判讀	B肝表面抗體陰性者之建議措施	0	https://www.cdc.gov.tw/File/Get/gGFNsPNXnnLm71ZA5V8v2A	-
OK	接種指引	學齡前幼童疫苗漏打延遲或不明的補種方式.pdf	49162	https://www.cdc.gov.tw/File/Get/qNin3Z6yrHyHkjPfE3v_sQ	https://www.cdc.gov.tw/Uploads/files/995c770c-379d-4446-8435-7f5d1464c665.pdf
OK	時程表	成人預防接種建議時程表.pdf	317207	https://www.cdc.gov.tw/File/Get/2FStw4fhKhsKtBcOp6WnWg	https://www.cdc.gov.tw/Uploads/files/c4b562e9-6829-4824-b5f0-d974901ca32e.pdf
FAIL_NO_LINK	時程表	現行兒童預防接種時程表_中文	0	https://www.cdc.gov.tw/File/Get/xrvB0rEniERWTvRq-p_pww	-
FAIL_NO_LINK	時程表	現行兒童預防接種時程表_EN_11507	0	https://www.cdc.gov.tw/File/Get/kv6PSO1SrnUDNtw5Y3sXAg	-
OK	接種指引	國小新生入學後預防接種紀錄檢查與補種指引.pdf	123597	https://www.cdc.gov.tw/File/Get/C21MgK68kNl1C4ORnYLhmQ	https://www.cdc.gov.tw/Uploads/files/國小新生入學後預防接種紀錄檢查與補種指引.pdf
OK	通函與判讀	B肝表面抗體陰性者之建議措施.pdf	81099	https://www.cdc.gov.tw/File/Get/gGFNsPNXnnLm71ZA5V8v2A	https://www.cdc.gov.tw/Uploads/files/依時程完成B型肝炎疫苗接種，經檢驗為B型肝炎表面抗體陰性者之建議措施.-6710.pdf
OK	時程表	現行兒童預防接種時程表_中文.pdf	104470	https://www.cdc.gov.tw/File/Get/xrvB0rEniERWTvRq-p_pww	https://www.cdc.gov.tw/Uploads/8c2bdcc6-3386-4dc4-aceb-4887e9020d80.pdf
OK	時程表	現行兒童預防接種時程表_EN_11507.pdf	183518	https://www.cdc.gov.tw/File/Get/kv6PSO1SrnUDNtw5Y3sXAg	https://www.cdc.gov.tw/Uploads/2d89829b-c9a9-4bfb-9f36-ebe02d1f218d.pdf
OK	各疫苗	流感疫苗接種須知_公費社區版.pdf	1067391	https://www.cdc.gov.tw/File/Get/AeYVhYW1qEpzSp62Bs9jpA	https://www.cdc.gov.tw/Uploads/f5656fb9-ddd8-4f9c-bdc3-8d08a534cb74.pdf
FAIL_WRONG_CONTENT	各疫苗	COVID19疫苗接種須知_莫德納LP.8.1.pdf	309440	https://www.cdc.gov.tw/File/Get/4mcdF9hGVjfWQJdWEQ2uew	https://www.cdc.gov.tw/Uploads/files/acba2c8c-b278-42cc-9839-5a18aee59d6c.pdf
FAIL_WRONG_CONTENT	各疫苗	COVID19疫苗接種須知_Novavax JN.1.pdf	309440	https://www.cdc.gov.tw/File/Get/qhq0cN-R8s2AiNS5KByhaw	https://www.cdc.gov.tw/Uploads/files/acba2c8c-b278-42cc-9839-5a18aee59d6c.pdf
OK	各疫苗	肺炎鏈球菌疫苗接種須知_成人PCV20.pdf	2052752	https://www.cdc.gov.tw/File/Get/09-gZ8N9ThN3SyC4tquTrg	https://www.cdc.gov.tw/Uploads/fdc80fe7-52f0-432a-911d-7001587c9f3f.pdf
OK	各疫苗	MMR與Tdap疫苗衛教單張_育齡婦女及孕婦.pdf	2485677	https://www.cdc.gov.tw/File/Get/EPxAPV4HJ62819ipSETgyg	https://www.cdc.gov.tw/Uploads/2725798d-998f-4cea-9f16-7a217ca224c1.pdf
OK	各疫苗	肺炎鏈球菌疫苗接種須知_PPV23.pdf	312445	https://www.cdc.gov.tw/Uploads/e1e12595-dbdf-43eb-8c73-fa7b37018e7a.pdf	https://www.cdc.gov.tw/Uploads/e1e12595-dbdf-43eb-8c73-fa7b37018e7a.pdf
OK	各疫苗	日本腦炎活性減毒疫苗接種須知.pdf	267597	https://www.cdc.gov.tw/Uploads/f45af1df-abff-41f9-b057-6699c88ba8c1.pdf	https://www.cdc.gov.tw/Uploads/f45af1df-abff-41f9-b057-6699c88ba8c1.pdf
OK	各疫苗	卡介苗接種敬告家長書.pdf	159829	https://www.cdc.gov.tw/uploads/files/201511/e099ba54-8f47-4b49-b4ca-5cad98fa8010.pdf	https://www.cdc.gov.tw/uploads/files/201511/e099ba54-8f47-4b49-b4ca-5cad98fa8010.pdf
OK	各疫苗	流行性腦脊髓膜炎_腦膜炎雙球菌_疫苗相關資料.pdf	794772	https://www.cdc.gov.tw/Uploads/889649f6-48f0-4eae-9963-01d43b662609.pdf	https://www.cdc.gov.tw/Uploads/889649f6-48f0-4eae-9963-01d43b662609.pdf
OK	各疫苗	狂犬病疫苗接種對象說明表.pdf	131070	https://www.cdc.gov.tw/uploads/files/399f8553-654e-45d9-aa14-fd4070b36a1a.pdf	https://www.cdc.gov.tw/uploads/files/399f8553-654e-45d9-aa14-fd4070b36a1a.pdf
OK	各疫苗	黃熱病疫苗接種相關說明.pdf	3917077	https://www.cdc.gov.tw/uploads/Files/cec283ef-9904-419e-8b23-23e14b44a3e9.pdf	https://www.cdc.gov.tw/uploads/Files/cec283ef-9904-419e-8b23-23e14b44a3e9.pdf
OK	各疫苗	A型肝炎疫苗接種須知.jpg	9602609	https://www.cdc.gov.tw/File/Get/sqrAKrJg_Uq8Ki5B0HtO3g?path=cjZgl1kGLeqiQIm4lVquWp9P82sh2rj0J4QOT5BZxYxcs9cVBahBS4s2qZRuY6PsJk7fvmoXEG2dDe3j6w3Yow&name=1SORxzi3QbHnZixxNxwRm--waobq6DnwmE4z1IKbvSSWWAFdqH6OVcQRbsk7r05f	https://www.cdc.gov.tw/File/Get/sqrAKrJg_Uq8Ki5B0HtO3g?path=cjZgl1kGLeqiQIm4lVquWp9P82sh2rj0J4QOT5BZxYxcs9cVBahBS4s2qZRuY6PsJk7fvmoXEG2dDe3j6w3Yow&name=1SORxzi3QbHnZixxNxwRm--waobq6DnwmE4z1IKbvSSWWAFdqH6OVcQRbsk7r05f
FAIL_NOT_DOC	各疫苗	HPV疫苗衛教手冊_國健署	4150	https://www.hpa.gov.tw/File/Attach/8866/File_22339.pdf	https://www.hpa.gov.tw/File/Attach/8866/File_22339.pdf
FAIL_NOT_DOC	接種指引	青少年11-18歲預防接種建議	4446	https://www.cdc.gov.tw/File/Get?q=alK1SUhIV6SOP0j4uU3aI6oU4APpb91rR5rtyhvE_wNYbOd45dUh6g2G4IogORm9Qb-okAgLj0Hpf7HDvEZvGkxA7NqJW_zv9NWXLPpOeVlSEI1KsV50_B3xzXXURWJEBZyPBkNwcEPkAaG4ZuGGeA	https://www.cdc.gov.tw/File/Get?q=alK1SUhIV6SOP0j4uU3aI6oU4APpb91rR5rtyhvE_wNYbOd45dUh6g2G4IogORm9Qb-okAgLj0Hpf7HDvEZvGkxA7NqJW_zv9NWXLPpOeVlSEI1KsV50_B3xzXXURWJEBZyPBkNwcEPkAaG4ZuGGeA
FAIL_NOT_DOC	接種指引	幼兒公費常規疫苗接種適用對象	4446	https://www.cdc.gov.tw/File/Get?q=alK1SUhIV6SOP0j4uU3aI4Cv8YnIMrzxNHT3BqCXzPZca6zDVZE5OJ3Tfrs3ArCKniedXHXcBRvCcc14XsTW2aPSeXnliDmBtTNisGHNLXYBq_2tY7ES98Iq2cw0mcyGJkCW7bzKfGY-vHKqK5SUwA	https://www.cdc.gov.tw/File/Get?q=alK1SUhIV6SOP0j4uU3aI4Cv8YnIMrzxNHT3BqCXzPZca6zDVZE5OJ3Tfrs3ArCKniedXHXcBRvCcc14XsTW2aPSeXnliDmBtTNisGHNLXYBq_2tY7ES98Iq2cw0mcyGJkCW7bzKfGY-vHKqK5SUwA
FAIL_NOT_DOC	接種指引	幼兒A型肝炎疫苗擴增接種對象作業原則_2026版	4518	https://www.cdc.gov.tw/File/Get?q=66HT6AZdVjKmPmyJ9OclbGmbJUEhY8ReEX9K0hXH0cYqk5Ozg3x3vxF_CjQLrg7wOazJF5ZXnURRkN4b3HNm2RMtDXDjrW8zURQLDxTNRrEaX8G3Ou_EMLlKNYwlRlUAz-RnUHL5pVwXkbS9Xv4rlK6qvcuNoNjRv6eosudxP26YBnyBfJ6DPosMH1QjQ6Ik	https://www.cdc.gov.tw/File/Get?q=66HT6AZdVjKmPmyJ9OclbGmbJUEhY8ReEX9K0hXH0cYqk5Ozg3x3vxF_CjQLrg7wOazJF5ZXnURRkN4b3HNm2RMtDXDjrW8zURQLDxTNRrEaX8G3Ou_EMLlKNYwlRlUAz-RnUHL5pVwXkbS9Xv4rlK6qvcuNoNjRv6eosudxP26YBnyBfJ6DPosMH1QjQ6Ik
FAIL_NOT_DOC	接種指引	幼兒A型肝炎預防接種實施對象及接種時程	4446	https://www.cdc.gov.tw/File/Get/sqrAKrJg_Uq8Ki5B0HtO3g?path=dhn2zSU6tyIcOXff1n2g613sf4hl90kpVXnYWpKXkXKcB5pCELSkluZxjUxU8iJIUZOySL8AtC8YfrRdn-armg&name=WANjgu83RMecApdVLxgOAQ0_2hk-nVeyziUznwIbOyPvW6hV6lPGLcuGre01ihEz	https://www.cdc.gov.tw/File/Get/sqrAKrJg_Uq8Ki5B0HtO3g?path=dhn2zSU6tyIcOXff1n2g613sf4hl90kpVXnYWpKXkXKcB5pCELSkluZxjUxU8iJIUZOySL8AtC8YfrRdn-armg&name=WANjgu83RMecApdVLxgOAQ0_2hk-nVeyziUznwIbOyPvW6hV6lPGLcuGre01ihEz
OK	接種指引	青少年11-18歲預防接種建議.pdf	141687	https://www.cdc.gov.tw/File/Get?q=alK1SUhIV6SOP0j4uU3aI6oU4APpb91rR5rtyhvE_wNYbOd45dUh6g2G4IogORm9Qb-okAgLj0Hpf7HDvEZvGkxA7NqJW_zv9NWXLPpOeVlSEI1KsV50_B3xzXXURWJEBZyPBkNwcEPkAaG4ZuGGeA	https://www.cdc.gov.tw/Uploads/archives/e78c64b1-3199-4bac-994b-4b04a2375479.pdf
OK	接種指引	幼兒公費常規疫苗接種適用對象.pdf	120731	https://www.cdc.gov.tw/File/Get?q=alK1SUhIV6SOP0j4uU3aI4Cv8YnIMrzxNHT3BqCXzPZca6zDVZE5OJ3Tfrs3ArCKniedXHXcBRvCcc14XsTW2aPSeXnliDmBtTNisGHNLXYBq_2tY7ES98Iq2cw0mcyGJkCW7bzKfGY-vHKqK5SUwA	https://www.cdc.gov.tw/Uploads/archives/20dcff84-e1eb-4bbf-bbb9-71b8076c8cfd.pdf
OK	接種指引	幼兒A型肝炎疫苗擴增接種對象作業原則.pdf	307329	https://www.cdc.gov.tw/File/Get?q=66HT6AZdVjKmPmyJ9OclbGmbJUEhY8ReEX9K0hXH0cYqk5Ozg3x3vxF_CjQLrg7wOazJF5ZXnURRkN4b3HNm2RMtDXDjrW8zURQLDxTNRrEaX8G3Ou_EMLlKNYwlRlUAz-RnUHL5pVwXkbS9Xv4rlK6qvcuNoNjRv6eosudxP26YBnyBfJ6DPosMH1QjQ6Ik	https://www.cdc.gov.tw/Uploads/archives/08174acf-09ea-44fa-8dc0-eb0168e3f1ef.pdf
OK	接種指引	幼兒A型肝炎預防接種實施對象及接種時程.pdf	114571	https://www.cdc.gov.tw/File/Get/sqrAKrJg_Uq8Ki5B0HtO3g?path=dhn2zSU6tyIcOXff1n2g613sf4hl90kpVXnYWpKXkXKcB5pCELSkluZxjUxU8iJIUZOySL8AtC8YfrRdn-armg&name=WANjgu83RMecApdVLxgOAQ0_2hk-nVeyziUznwIbOyPvW6hV6lPGLcuGre01ihEz	https://www.cdc.gov.tw/Uploads/archives/088c5cda-358e-4a8c-b55d-190b756b9c81.pdf
OK	各疫苗	COVID19疫苗接種須知_莫德納XFG.pdf	1848811	https://www.cdc.gov.tw/File/Get/RzB6ndHRgn0bueICrksNCg	https://www.cdc.gov.tw/Uploads/84a41773-d5e8-45b5-8056-59340fd55dbd.pdf
OK	各疫苗	COVID19疫苗接種須知_NovavaxXFG.pdf	738313	https://www.cdc.gov.tw/File/Get/oaeBUzazAt2IHhTyOL9cvg	https://www.cdc.gov.tw/Uploads/c7cf3329-7937-4a94-9f5c-3d4e2fee2865.pdf
OK	接種指引	免疫功能不全者預防接種建議與指引.pdf	505452	https://www.cdc.gov.tw/File/Get/luGDJLMgpw49f2XXLAD9tA	https://www.cdc.gov.tw/Uploads/files/201310/26e77420-2519-4c7f-be32-7a6c694de72c.pdf
FAIL_EMPTY	接種指引	免疫不全病人預防接種建議	0	https://www.cdc.gov.tw/File/Get?q=66HT6AZdVjKmPmyJ9OclbPLi0YWY23_oW4nzYRVLIyDt9Tyf5yT5_TMBbU6mxQ4OZrrRd6yZ3M2yvZq5OKbZG4CYcYH4QZjs8O5YjIXe5QZ9EFdeXziYwcHRh4Ox1wEULvEHlpCtYbyhEA6G7Dv3NrI6eqOgurxQUrBBDf6BTI8	https://www.cdc.gov.tw/File/Get?q=66HT6AZdVjKmPmyJ9OclbPLi0YWY23_oW4nzYRVLIyDt9Tyf5yT5_TMBbU6mxQ4OZrrRd6yZ3M2yvZq5OKbZG4CYcYH4QZjs8O5YjIXe5QZ9EFdeXziYwcHRh4Ox1wEULvEHlpCtYbyhEA6G7Dv3NrI6eqOgurxQUrBBDf6BTI8
FAIL_EMPTY	接種指引	移植患者預防接種建議	0	https://www.cdc.gov.tw/File/Get?q=66HT6AZdVjKmPmyJ9OclbFUPjsH8yVZBEvmN5mjXCqPkA8gn36HnXDCgrIcxrhvZlm1odEdyT8bYCsmsg9OjE7yDvBH4bc3m24d31JYdgNYJs2gsWaU1-ngdkSFfyoOd2BQyh0w1EK88uAmMFs7jVA	https://www.cdc.gov.tw/File/Get?q=66HT6AZdVjKmPmyJ9OclbFUPjsH8yVZBEvmN5mjXCqPkA8gn36HnXDCgrIcxrhvZlm1odEdyT8bYCsmsg9OjE7yDvBH4bc3m24d31JYdgNYJs2gsWaU1-ngdkSFfyoOd2BQyh0w1EK88uAmMFs7jVA
FAIL_EMPTY	接種指引	癌症病人預防接種建議	0	https://www.cdc.gov.tw/File/Get?q=66HT6AZdVjKmPmyJ9OclbE7fSUNF8o6T2nY3X4twcs645z0sPVYF-Bs9hyzud3ouyA0NF3_ytXiBg8vfMLUoeu1uOfFQUFxf9Ng_s1D2kkA2xEAnPozcYeqUsprymjFpcqOVZOxJeW8xojXUSe2bgA	https://www.cdc.gov.tw/File/Get?q=66HT6AZdVjKmPmyJ9OclbE7fSUNF8o6T2nY3X4twcs645z0sPVYF-Bs9hyzud3ouyA0NF3_ytXiBg8vfMLUoeu1uOfFQUFxf9Ng_s1D2kkA2xEAnPozcYeqUsprymjFpcqOVZOxJeW8xojXUSe2bgA
OK	通函與判讀	狂犬病QA_原始頁面.html	140553	https://www.cdc.gov.tw/Category/QAPage/3xoWx2U2FGpCjF752cmKGA	同左
